date,provstate,city,location,summary,targtype1_txt,targsubtype1_txt,corp1,target1,perpetrator_name,natlty1_txt,gname,motive,nkill,nkillus,nkillter,nwound,addnotes,scite1,scite2,scite3
3/5/70,Puerto Rico,San Juan,NA,"3/5/1970: Unknown Puerto Rican Nationalists assassinated two United States Navy personal stationed in San Juan, Puerto Rico.  The incident was in response to the death of Antonia Martinez Lagaras, who was shot and killed during a confrontation between students and police in front of the R.O.T.C. building at the University of Puerto Rico, Rio Piedras a day earlier.",Military,"Military Personnel (soldiers, troops, officers, forces)",US Navy,Two members of the United States Navy,,United States,Armed Commandos of Liberation,To protest United States presence in Puerto Rico and revenge the death of Antonia Martinez Lagares,2,2,0,0,Conflicting reports attribute the incident to the Armed Commandos of Liberation and the Armed Revolutionary Independence Movement (MIRA).,"Committee on the Judiciary  United States Senate, ""Terroristic Activity: The Cuban Connection in Puerto Rico; Castro's Hand in Puerto Rican and U.S. Terrorism,"" U.S. Government Printing Office, August 6, 1970.","William Sater, ""Puerto Rican Terrorists: A Possible Threat to U.S. Energy Installations?,"" RAND, October 1981.","""Toward People's War for Independence and Socialism in Puerto Rico: In Defense of Armed Struggle,"" Documents and Communiqués from the Revolutionary Public Independence Movement and the Armed Clandestine Movement, January 1987."
3/20/70,Michigan,Detroit,In front of his car,"3/20/1970: Unknown perpetrators shot and killed Burton I. Gordin, the director of the Michigan Civil Rights Commission, in a downtown garage in Detroit, Michigan, United States.  Police suspected that this incident might have been politically motivated as no money was stolen from Gordin's wallet.",Private Citizens & Property,Named Civilian,Michigan Civil Rights Commission,Burton I. Gordin,,United States,White extremists,To protest the civil rights movement,1,1,0,0,"The police were unsure if this incident was an attempted robbery, with the perpetrators too frightened to take the targets money, or if it was an assassination.","Jerry M. Flint, ""Civil Rights Chief In Michigan Slain,"" New York Times, March 21, 1970.","""No Motive of Suspect Seen In Slaying of Rights Official,"" Washington Post, March 22, 1970.","Marcia McKnight Trick, ""Chronology of Incidents of Terroristic, Quasi-Terroristic, and Political Violence in the United States: January 1965 to March 1976,"" National Advisory Committee on Criminal Justice Standards and Goals: Report of the Task Force on Disorders and Terrorism, 1976."
4/24/70,New York,New York City,Manhattan,"4/24/1970: Republic of China's Vice Premier, Chiang Ching-kuo was visiting the United States for a meeting of the Far East-America Council of Commerce and Industry. While entering Manhattan's Plaza Hotel for a luncheon, an Asian man ran towards Chiang, pointing a black automated pistol. New York Detective James Ziede, acting as Chiang's security, grabbed the  assailant's arm before he shot, deflecting the bullet aimed at Chiang towards the glass door and Chiang remained unharmed.  Peter Huang Wen-hsiung, a Taiwan-born Chinese, and his brother-in-law, Cheng Tzu-tsai, were the named assailants.",Government (Diplomatic),"Diplomatic Personnel (outside of embassy, consulate)",Vice Premier of the Republic of China,Chiang Ching-kuo,,China,The World United Formosans for Independence (WUFI),"Peter Huang Wen-hsiung Taiwan, a  member of WUFI, a pro-independence group, was opposed to the political views of the KMT, Chiang's party,  who favored the re-unification of Taiwan with mainland China.",0,0,0,0,Huang and Cheng Tzu-tsai were arrested but jumped bail and fled the United States.,"“Taiwan: A Shot at Chiang.” Time Magazine, May 4, 1970.","“Failed Assassin Vows to Pursue Independence for Taiwan.” Agence France Presse, May 6, 1996, International News Section.","Bodeen, Christopher. “Would Be Assassin Resurfaces in a Changed Taiwan.” Cornell University Press, May 6, 1996, International News Section."
6/9/70,New Jersey,Newark,Through living room window,"6/9/1970: Unknown perpetrators fired two shotgun blasts into the house of Reverend Levin P. West in Newark, New Jersey, United States, in an apparent assassination attempt.  The shotgun pellets did not strike West but he was taken to  the hospital to be treated for shock.  During a highly contentious Mayoral campaign in Newark with racial overtones, West, an African American, supported the White candidate over the Black candidate.",Private Citizens & Property,Race/Ethnicity Identified,Black supporters of Mayor Hugh Addonizio,Reverend Levin P. West,,United States,Black Nationalists,To protest Black supporters of Hugh Addonizio in the 1970 Newark mayoral campaign,0,0,0,1,The White mayoral candidate was Hugh Addonizio and the Black mayoral candidate was Kenneth Gibson.,"Walter H. Waggoner, ""Negro Backing Addonizio Target of Shotgun Blast,"" New York Times, June 10, 1970.","""Shotgun Blasts Are Fired Into Home Of Black Campaigner for Addonizio,"" New York Times, June 10, 1970.",NA
7/4/70,California,San Francisco,NA,"7/4/1970: Two youths were hired by Frank Thurber, a member of a union affiliated with the striking Typographical Union, shot and killed Allan W. Daly at his home in San Francisco, California, United States.  Daly was a non-striking member of the San Rafael Independent Journal.",Private Citizens & Property,Named Civilian,Non striking member of the San Rafael Independent Journal,Allan Daly,,United States,Strikers,To protest non-participants in the San Rafael Independent Journal strike,0,0,0,1,"Allan Daly survived two weeks before finally succumbing to his wounds.  Frank Thurber belonged to the San Francisco Mailers Union.  Thurber offered Richard Wamsley and Larry Rutherford $300 to ""rough up"" Daly.  Thurber provided them with a weapon and drove the to Daly's home.  Printers used by non-striking members of the San Rafael Independent journal were firebombed days later (197007080002).","""Nonstriker At Paper Succumbs To Wounds,"" Los Angeles Times, July 17, 1970.","""Home of Nonstriking Printers Fire-Bombed; 6 Escape Injury,"" Los Angeles Times, July 9, 1970.","""Slayer Given Life Sentence,"" The Bulletin, December 10, 1970."
7/26/70,Missouri,St. Louis,NA,NA,Business,Retail/Grocery/Bakery,Continental Telephone Co.,"President, Phillip Lucier",,United States,Unknown,NA,1,1,NA,0,NA,NA,NA,NA
8/15/70,Mississippi,West Point,Parking lot of a West Point grocery store,"8/15/1970: John Thomas was shot to death in his car in West Point, Mississippi, United States.  Thomas was a civil rights activist who previously led the campaign of a Black mayoral candidate.  The shooter, Seth Stanley, a White male, was found not guilty by means of self defense by an all-White jury.",Private Citizens & Property,Named Civilian,NA,John Thomas,,United States,White extremists,NA,1,1,0,0,"John Thomas was one of the accused perpetrators of 197001250001.  Seth Stanley was acquitted based on a successful argument of self defense, but it is important to note that John Thomas was shot as he was sitting in his truck.  A Black boycott of White-owned businesses in West Point was initiated as a result of this incident.","""Mississippi White Cleared in Killing,"" New York Times, October 12, 1971.","""Kin of NAACP Lobbyist Mitchell Wins Balto Primary Recount,"" New Pittsburgh Courier, October 10, 1970.","Christopher Hewitt, ""Political Violence and Terrorism in Modern America: A Chronology,"" Praeger Security International, 2005."
4/17/71,New York,New York City,NA,NA,Violent Political Party,Party Official/Candidate/Other Personnel,Black Panther Party,Official: Samuel Lee Napier,,United States,Black Panthers,NA,1,NA,NA,0,NA,NA,NA,NA
4/29/71,California,Berkeley,NA,"4/29/1971: Christopher Brian Cowsar went to the Air Force Recruiting Station in Berkeley, California, United States and stabbed Air Force Sergeant Rogers S. Mobley to death.  During the incident Cowsar screamed, ""he's sending people to Vietnam.  He's got to die.""",Military,Military Recruiting Station/Academy,Air Force Recruiting Staff,Air Force Recruiting Sergeant in Berkeley California,,United States,Left-Wing Militants,To protest the War in Vietnam and the draft,1,1,0,0,Christopher Brian Cowsar was a former marine.  He was captured by two men who rushed to save Sergeant Mobley after they heard him screaming.,"""Bank, Store Bombed, Trucks Burned in L. A.,"" Washington Post, May 1, 1971.","""Recruiter Slain On Job, Hero Killed In Hold-Up,"" Afro-American, May 8, 1971.","""Air Force Recruiter Stabbed,"" Lodi News-Sentinel, May 1, 1971."
5/21/71,New York,New York City,NA,NA,Police,Police Security Forces/Officers,New York City,Policemen Piagentini and Jones,,United States,Black Liberation Army,NA,2,NA,NA,0,NA,NA,NA,NA
11/3/71,Georgia,Atlanta,NA,NA,Police,Police Security Forces/Officers,Atlanta Police,"Policeman, James Richard Green",,United States,Black Liberation Army,NA,1,1,NA,0,NA,NA,NA,NA
1/6/72,California,San Diego,NA,NA,Private Citizens & Property,Named Civilian,NA,Paula Tharp,,United States,Secret Army Organization,NA,0,NA,NA,0,NA,NA,NA,NA
1/27/72,New York,New York City,NA,NA,Police,Police Security Forces/Officers,New York Police Department,"Policemen, Gregory Foster; Rocco Laurie",,United States,Black Liberation Army,NA,2,NA,NA,0,NA,NA,NA,NA
2/1/72,California,El Monte,NA,"2/1/1972: Irving Rubin, a member of the Jewish Defense League, was accused of firing two shots at Joe Tommasi, a leading member of the National Socialist White People's party in El Monte, California, United States.  Tommasi was not injured in the incident.",Private Citizens & Property,Political Party Member/Rally,Leader of the National Socialist White People's party,Joe Tommasi,,United States,Jewish Defense League (JDL),To protest against Nazis and anti-Semites,0,0,0,0,The incident took place two days after a scuffle between the Jewish Defense League and the National Socialist White People's party in front of the Nazi party's local headquarters.  Joe Tommasi was a lieutenant of the National Socialist White People's party and Irving Rubin was the head of the Jewish Defense League's Los Angeles chapter.  Rubin would eventually be released due to lack of evidence.,"""Jewish Militant Charged On Coast in Attack on Nazi,"" New York Times, February 13, 1972.","""Jew Charged in Nazi Shooting,"" Milwaukee Journal, February 10, 1972.","Dorothy Townsend, ""5 Suspects Arrested In L.A. Bombing to Avenge Israelis,"" Los Angeles Times, September 14, 1972."
5/27/72,New Jersey,Jersey City,NA,NA,Violent Political Party,Party Official/Candidate/Other Personnel,Black Panther Party,Former Defense Minister: Isaiah Rowley,,United States,Unknown,NA,1,NA,NA,0,NA,NA,NA,NA
9/20/72,New York,New York City,The incident occurred in Manhattan.,"09/20/1972: A letter bomb addressed to Joseph Tekoah, the Israeli Ambassador to the United Nations, was discovered and defused at the New York General Post Office in Manhattan, New York City, United States. This was one of 74 letter bombs that were mailed from Amsterdam and were discovered or detonated between September 19, 1972 and September 28, 1972. Black September claimed responsibility for the incidents.",Government (Diplomatic),"Diplomatic Personnel (outside of embassy, consulate)",Israeli Ministry of Foreign Affairs,Ambassador to United Nations: Joseph Tekoah,,Israel,Black September,NA,0,0,0,0,NA,http://news.bbc.co.uk/onthisday/hi/dates/stories/september/19/newsid_2523000/2523027.stm,"""Mail bombs spread to 8 cities,"" Boston Globe, September 21, 1972.","""Mail bombs turn up in 7 more cities: Letters to U.N. Israelis seized by N.Y. police,"" Los Angeles Times, September 21, 1972."
9/20/72,New York,New York City,The incident occurred in Manhattan.,"09/20/1972: A letter bomb addressed to Jacob Barmore, the Israeli Mission Ambassador to the United Nations, was discovered and defused at the New York General Post Office in Manhattan, New York City, United States. This was one of 74 letter bombs that were mailed from Amsterdam and were discovered or detonated between September 19, 1972 and September 28, 1972. Black September claimed responsibility for the incidents.",Government (Diplomatic),"Diplomatic Personnel (outside of embassy, consulate)",Israeli Ministry of Foreign Affairs,Israeli Mission Ambassador to the United Nations: Jacob Barmore,,Israel,Black September,NA,0,0,0,0,NA,http://news.bbc.co.uk/onthisday/hi/dates/stories/september/19/newsid_2523000/2523027.stm,"""Mail bombs spread to 8 cities,"" Boston Globe, September 21, 1972.","""Mail bombs turn up in 7 more cities: Letters to U.N. Israelis seized by N.Y. police,"" Los Angeles Times, September 21, 1972."
9/20/72,New York,New York City,The incident occurred in Manhattan.,"09/20/1972: A letter bomb addressed to Uri Gordon, the Israeli Mission Minister, was discovered and defused at the New York General Post Office in Manhattan, New York City, United States. This was one of 74 letter bombs that were mailed from Amsterdam and were discovered or detonated between September 19, 1972 and September 28, 1972. Black September claimed responsibility for the incidents.",Government (Diplomatic),"Diplomatic Personnel (outside of embassy, consulate)",Israeli Ministry of Foreign Affairs,Minister: Uri Gordon,,Israel,Black September,NA,0,0,0,0,NA,http://news.bbc.co.uk/onthisday/hi/dates/stories/september/19/newsid_2523000/2523027.stm,"""Mail bombs spread to 8 cities,"" Boston Globe, September 21, 1972.","""Mail bombs turn up in 7 more cities: Letters to U.N. Israelis seized by N.Y. police,"" Los Angeles Times, September 21, 1972."
9/28/72,District of Columbia,Washington,NA,"09/28/1972: A letter bomb addressed to the Israeli Embassy was discovered and defused in Washington, District of Columbia, United States. This was one of 74 letter bombs that were mailed from Amsterdam and were discovered or detonated between September 19, 1972 and September 28, 1972. Black September claimed responsibility for the incidents.",Government (Diplomatic),Embassy/Consulate,Israeli Ministry of Foreign Affairs,Embassy,,Israel,Black September,NA,0,0,0,0,NA,"""Letter bombs sent to Jews in Uruguay,"" The Jerusalem Post, September 29, 1972.",NA,NA
10/14/72,New York,New York City,NA,NA,Private Citizens & Property,Political Party Member/Rally,"Hadassah, Womens Zionist Organization",Former officer of Hadassah,,Israel,Black September,NA,0,0,0,1,NA,NA,NA,NA
1/27/73,California,Los Angeles,NA,NA,Government (Diplomatic),"Diplomatic Personnel (outside of embassy, consulate)",Turk Govt,Turkish Consul General +Vice Consul,,Turkey,Armenians,NA,2,NA,NA,0,NA,NA,NA,NA
5/1/73,New York,New York City,NA,NA,NGO,Domestic NGO,Malcolm X Foundation,"H.A. Jamal, leader",,United States,Unknown,NA,1,1,NA,0,NA,NA,NA,NA
7/1/73,Maryland,Bethesda,NA,NA,Government (Diplomatic),"Diplomatic Personnel (outside of embassy, consulate)",Israel Embassy,"Col. Yosef Alon, Colonel, attache Wash. DC",,Israel,Popular Front for the Liberation of Palestine (PFLP),NA,1,NA,NA,0,NA,NA,NA,NA
9/4/73,New Jersey,Newark,NA,NA,Religious Figures/Institutions,Religious Figure,Nation of Islam,"James Shabazz, head",,United States,Unknown,NA,1,1,NA,0,NA,NA,NA,NA
9/18/73,New Jersey,Edison,In a car parked behind the United Automobile Workers Local 980 Union hall across the street from the Ford plant on Route 1.,"09/18/1973: Twin brothers, Roger and Ralph Bankston, were shot to death by a pistol and shotgun in Edison, New Jersey in the United States.  They were found in the front seat of their car parked in the lot behind the Local 980 United Automobile Workers Union Hall across the street from the Ford plant on Route 1, where the brothers were employed. The perpetrators were members of the New World sect, as were the brothers, who were apparently killed due to disobeying orders. This event was one in a series of related Black Muslim attacks. Two members of the New World of Islam sect, Albert Chavies and Lamont Calloway were later convicted of the Bankston murders.",Private Citizens & Property,Named Civilian,"Roger and Ralph Bankston, captains in the New World Sect",brothers Roger and Ralph Bankston,,United States,Black Muslims,"It is believed that the motive behind these murders was that the Bankston brothers were disobeying orders of their own group, New World sect.",2,2,0,0,"This event was one of a series of related attacks during this time (see events 197309040001, 197310180002).  On September 4, 1973, a Black Muslim leader, James Shabazz is murdered by members of New World of Islam, a rival faction of Black Muslims.  On October 18, 1973, two more Black Muslim dissidents are killed and beheaded by others in the New World sect in the midst of feuding Black Muslim factions.  This case in particular may not be terrorism because the Bankston brothers were allegedly murdered for disobeying orders so this is a case of inner-party conflict.  Also, two members of the New World, Albert Chavies and Lamont Calloway, were later convicted for the murder of the Bankston brothers. Chavies and Calloway were also convicted and sentenced for the Shabazz murder.","""Police Check Link in Twins' Slaying,"" New York Times, September 20, 1973.","Philip Wechsler, ""Decapitated Bodies of 2 Men Discovered in Newark Park,"" New York Times, October 19, 1973.","Harry Camisa and Jim Franklin, ""Inside Out: fifty years behind the walls of New Jersey's Trenton State Prison,"" Windsor Press and Publishing, 2003."
10/18/73,New Jersey,Newark,"Weequahic Park in Newark Park, and four miles away from the park, in a vacant lot on South Sixth Street in the Central Ward, just one blcok away from the home of murdered Muslim leader, James Shabazz","10/18/1973: Two members of the New World sect, Warren A. Marcello and Michael A. Huff, are murdered and beheaded in Newark, New Jersey by suspected members of the New World sect faction of Black Muslims.  Marcello and Huff were shot and possibly strangled, before being decapitated by a heavy weapon, suspected to be a machete.  Huff was also stabbed several times.  This event was one in a series of related Black Muslim attacks.",Private Citizens & Property,Named Civilian,"Warren A. Marcello and Michael A. Huff, members of the New World sect",Warren A. Marcello and Michael A. Huff,,United States,Black Muslims,Unknown,2,2,NA,0,"This event was one of a series of related attacks during this time (see events 197309040001, 197309180002) and is also a case of inner-party conflict.  On September 4, 1973, a Black Muslim leader, James Shabazz was murdered by members of New World of Islam, a rival faction of Black Muslims.  On September  18, 1973, two  Black Muslim dissidents were shot and killed in Edison, New Jersey by others in the New World sect in the midst of feuding Black Muslim factions.","Philip Wechsler, ""Decapitated Bodies of 2 Men Discovered in Newark Park,"" New York Times, October 19, 1973.","Richard Phalon, ""11 Sect Members Arrested In Newark Muslim Slaying,"" New York Times, October 25, 1973.","Harry Camisa and Jim Franklin, ""Inside Out: fifty years behind the walls of New Jersey's Trenton State Prison,"" Windsor Press and Publishing, 2003."
11/6/73,California,Oakland,NA,NA,Educational Institution,Other Personnel,Oakland Schools,"Marcus Foster, superintendent",,United States,Symbionese Liberation Army (SLA),NA,1,1,NA,0,NA,NA,NA,NA
11/26/73,Alabama,Gadsden,"1445 East Broad Street, in East Gadsden, the home of the victim, Rev. Edward Pace","11/26/1973: Black minister, Edward Pace, is shot and killed in his home in Gadsden, Alabama, in the Untied States, by alleged members of the Ku Klux Klan.",Private Citizens & Property,Race/Ethnicity Identified,Black minister,Reverend Edward Pace,,United States,Ku Klux Klan,"The suspected motive for this incident is that the minister was assassinated because he moved into a neighborhood in which blacks and whites were residing together, and he bought his home from whites.  Additionally, sources note that Pace and his family had been receiving threats since they moved to the neighborhood.",1,1,0,0,"Three white men, Aubrey Gene Arledge, his son Rickey Gene Arledge, and Bruce Wheeler Botsford, were arrested and charged with the first-degree murder of the reverend.  There is uncertainty surrounding their relations, if any, to the KKK.","""3 arrested in slaying of minister,"" Baltimore Afro-American, December 15, 1973.","""Gadsden Slaying,"" Baltimore Afro-American, December 15, 1973.","Christopher Hewitt, ""Political Violence and Terrorism in Modern America: A Chronology,"" Praeger Security International, 2005."
2/4/74,New York,New York City,NA,NA,Religious Figures/Institutions,Place of Worship,YA Sin Sunni Moslem Mosque,"Abdullah Rahman, minister",,United States,Black Muslims,NA,4,NA,NA,0,NA,NA,NA,NA
4/13/74,Florida,Miami,NA,NA,Government (General),"Government Personnel (excluding police, military)",Cuban Govt,"Jose de la Torriente, former minister of agriculture",,Cuba,Secret Organization Zero,NA,1,NA,NA,0,NA,NA,NA,NA
12/29/74,Pennsylvania,Philadelphia,Holmesburg Prison in Philadelphia,"12/29/1974: James H. Price, Black Muslim and government informant in the Hanafi murders from January 1973, is murdered in a prison cell in the Holmesburg Prison in Philadelphia, Pennsylvania in the United States, by Black Muslims who were also convicted in the Hanafi murder case.  It is suspected that Price was murdered because he was a potential witness against the Black Muslims, and the organization had previously stated that police informants would be in danger.",Private Citizens & Property,Named Civilian,"Black Muslim and government informant, James H. Price","James H. Price, government informant in Hanafi murder case",,United States,Black Muslims,The suspected motive for Price's murder is that he was a government informant and witness against other Black Muslims who were involved in the Hanafi murder case.,1,1,0,0,"This is a case of inner-party conflict and it is still unclear whether the motive behind the murder of Price was to intimidate other potential government witnesses against the Black Muslims, or simply to get revenge on Price in particular.","Eugene L. Meyer, ""Hanafi Slaying Convict Guilty Of Murdering Key Witness,"" The Washington Post, August 22, 1975.","Eugene L. Meyer and Alfred E. Lewis, ""Black Muslim Informer Slain In Philadelphia Prison Cell,"" The Washington Post, December 31, 1974.","Christopher Hewitt, ""Political Violence and Terrorism in Modern America: A Chronology,"" Praeger Security International, 2005."
2/21/75,Florida,Miami,NA,NA,Government (General),Politician or Political Party Movement/Meeting/Rally,Politician Luciano Nieves,Politician Luciano Nieves,,United States,Movement for Cuban Justice (Pragmatistas),NA,1,1,NA,0,NA,NA,NA,NA
6/8/75,California,San Francisco,NA,NA,Private Citizens & Property,Labor Union Related,Wilbert Popeye Jackson,Head of United Prisoners Union,,United States,Tribal Thumb,NA,2,2,0,0,NA,NA,NA,NA
8/16/75,California,El Monte,NA,NA,Violent Political Party,Party Official/Candidate/Other Personnel,American Nazi Party (ANP),Former Head: Joseph Tommassi,,United States,Neo-Nazi extremists,NA,1,1,0,0,NA,NA,NA,NA
9/5/75,California,Sacramento,NA,"9/5/1975: Lynette Fromme, a follower of Charles Manson, pointed a gun at President Gerald Ford as he walked to the California State Capitol Building in Sacramento, California, in the United States.  There were four bullets in the gun, but none in the firing chamber and Fromme was seized by two Secret Service agents immediately after brandishing her weapon.  Fromme maintained that she did not want to shoot the President and has given conflicting reports describing her motivations.  She has stated that she used the incident to bring attention to the unfair conviction of Charles Manson, and three others for the 1969 Tate-Labianca murders.  However, on other occasions Fromme stated that she pointed a gun at President Ford to raise the awareness of various environmental causes.",Government (General),Head of State,President of United States,President Gerald Ford,,United States,Supporters of Charles Manson,Reports of the motivations for this incident vary from bringing attention to the 'unfair' imprisonment of Charles Manson and his cohorts to trying to raise awareness of environmental issues such as the plight of the California Redwoods and the dangers of nuclear power.,0,0,0,0,"Lynette Fromme was two feet away from President Ford when she took out her gun.  She pointed her gun between the knee and waist of the President.  Fromme was believed to be the leader of the 'Charles Manson Family' after he was sent to prison.  Seventeen days later, Sarah Jane Moore, another follower of Charles Manson, attempted to assassinate President Ford (197509220001).","""Jury Sees Ford on Videotape,"" Baltimore Sun, November 15, 1975.","Angela K. Brown, ""Manson Follower Known as 'Squeaky' out of Prison,"" ABC News, 2009.","""Lynette Fromme Pleads Innocent; Trial Set Nov. 4,"" Washington Post, September 20, 1975."
9/19/75,Ohio,Dayton,118 West Third St.,"9/19/1975: Neal Long, armed with a shotgun, shot and killed desegregation planner Dr. Charles Glatt at the old federal building in Dayton, Ohio, in the United States.  Long was detained immediately after the shooting.",Private Citizens & Property,Named Civilian,Desegregation leader,Dr. Charles Glatt,,United States,White extremists,To protest and prevent the desegregation of the Dayton school system,1,1,0,0,The incident occurred at 2:45 AM.  Neal Long asked a security guard in the old federal building where Glatt was.  He then preceded to shoot Glatt in the head.  Long was also accountable for the shooting of fifteen African American men in the Dayton Ohio area between 1972-1975.,"""Possible Link to Blacks' Killing Investigated in Dayton Slaying,"" New York Times, September 21, 1975.","Christine Vasconez, ""Neal Bradley Long's Rampage Recalled,"" Dayton Daily News, July 19, 1999.","""Deseg Expert Murder Linked to 5 Others,"" Afro-American, September 27, 1975."
9/22/75,California,San Francisco,NA,NA,Government (General),Head of State,U.S.,"Gerald Ford, President",,United States,Left-wing extremists,NA,0,NA,NA,1,NA,NA,NA,NA
10/31/75,Florida,Miami,NA,NA,Private Citizens & Property,Laborer (General)/Occupation Identified,Vigilante Group,"Rolando Masferrer, Ledaer",,Cuba,Secret Organization Zero,NA,1,NA,NA,0,NA,NA,NA,NA
12/29/75,Illinois,Chicago,NA,NA,Government (Diplomatic),"Diplomatic Personnel (outside of embassy, consulate)",Yugoslav Govt,"Consul, Chicago",,Yugoslavia,Croatian Nationalists,NA,0,NA,NA,1,NA,NA,NA,NA
1/10/76,California,San Francisco,NA,NA,Government (General),"Government Personnel (excluding police, military)",Board of Supervisors,"unk, member",,United States,New World Liberation Front (NWLF),NA,0,NA,NA,1,NA,NA,NA,NA
1/10/76,California,San Francisco,NA,NA,Government (General),"Government Personnel (excluding police, military)",Board of Supervisors,"unk, member",,United States,New World Liberation Front (NWLF),NA,0,NA,NA,1,NA,NA,NA,NA
7/1/76,California,San Francisco,NA,NA,Government (Diplomatic),"Diplomatic Personnel (outside of embassy, consulate)",South African Government,"consul, San Francisco",,South Africa,New World Liberation Front (NWLF),NA,0,NA,NA,1,NA,NA,NA,NA
7/26/76,New York,New York City,NA,NA,Government (General),Politician or Political Party Movement/Meeting/Rally,NA,"Bulcent Ecevit, Prime Minister",,Turkey,Cypriot,NA,0,0,NA,0,NA,NA,NA,NA
8/13/76,District of Columbia,Washington,NA,NA,Government (Diplomatic),"Diplomatic Personnel (outside of embassy, consulate)",Indian Diplomat/Indian Embassy Official,Automobile of Indian Diplomat,,India,Unknown,NA,0,0,0,0,NA,NA,NA,NA
8/19/76,District of Columbia,Washington,NA,NA,Government (Diplomatic),"Diplomatic Personnel (outside of embassy, consulate)",Indian Embassy Official,Home of Indian Embassy Official,,India,Unknown,NA,0,0,0,0,NA,NA,NA,NA
10/25/76,Puerto Rico,San Juan,NA,NA,Government (General),"Government Personnel (excluding police, military)",Former High Cuban Aide,Former High Cuban Aide,,Cuba,Unknown,NA,NA,NA,NA,NA,NA,NA,NA,NA
1/7/77,Florida,Miami,NA,NA,Terrorists/Non-State Militia,Non-State Militia,Brigade 2506 Association,"Juan Jose Peruyero, Head",,Cuba,Unknown,NA,1,0,NA,0,NA,NA,NA,NA
1/19/77,New York,New York City,NA,NA,Government (General),Head of State,US,"Gerald Ford, President",,United States,Independent Armed Revolutionary Commandos (CRIA),NA,0,0,NA,1,NA,NA,NA,NA
1/19/77,Puerto Rico,Unknown,NA,NA,Government (General),Politician or Political Party Movement/Meeting/Rally,Puerto Rico,"Carlos R. Barcelo, Governor",,United States,Independent Armed Revolutionary Commandos (CRIA),NA,0,NA,NA,1,NA,NA,NA,NA
1/19/77,New York,New York City,NA,NA,Government (General),Head of State,U.S.,"Jimmy Carter, Presidential Candidate",,United States,Independent Armed Revolutionary Commandos (CRIA),NA,0,NA,NA,1,NA,NA,NA,NA
1/25/77,California,San Francisco,NA,NA,Government (General),"Government Personnel (excluding police, military)",San Francisco,"John Barbagelata, San Francisco supervisor",,United States,New World Liberation Front (NWLF),NA,0,NA,NA,1,NA,NA,NA,NA
6/25/77,Pennsylvania,Pittsburgh,NA,NA,Private Citizens & Property,Labor Union Related,Croatian Fraternal Union,"John Badinovac, President",,United States,Croatian Nationalists,NA,0,NA,NA,1,NA,NA,NA,NA
7/25/77,Maryland,Rockville,NA,NA,Private Citizens & Property,Labor Union Related,American Israel Public Affairs Comm.,Morris J. Amitay,,Multinational,Unknown,NA,0,0,NA,0,NA,NA,NA,NA
10/3/77,California,Los Angeles,NA,NA,Private Citizens & Property,House/Apartment/Residence,NA,Residence Stanford Shaw,,United States,Armenian Secret Army for the Liberation of Armenia,NA,0,NA,NA,0,NA,NA,NA,NA
3/6/78,Georgia,Lawrenceville,outside of cafeteria,"3/6/1978: Joseph Paul Franklin was suspected of shooting Larry Flynt and his attorney Gene Reeves outside of the courthouse in Lawrenceville, Georgia, United States.  Flynt and Reeves were both injured.",Private Citizens & Property,Named Civilian,NA,Larry Flynt,,United States,White extremists,To protest the presence of interracial sex in Larry Flynt's Hustler Magazine.,0,0,0,2,Joseph Paul Franklin confessed to the shooting but the police could not confirm his claims.  Larry Flynt was on trial to appeal his conviction for pandering obscenity in Hustler Magazine.,"Mindy Fetterman, ""Hustler Magazine's Flynt Is Shot; Condition Critical,"" Washington Post, March 7, 1978.","""Suspect Indicted in Flynt Case,"" New York Times, June 13, 1984.","John Douglas and Mark Olshaker, ""The Anatomy of Motive,"" Simon & Schuster, 1999."
9/28/78,New York,Greenburgh,"outside of residence on Sprain Valley Road in Greenburgh, New York, a suburb of New York City near Scarsdale","09/28/1978: Anthony Cikoja, a Yugoslavian immigrant, was shot and killed by three bullets from a car waiting outside his home on Sprain Valley Road, in Greenburgh, New York, a suburb of New York City near Scarsdale in the United States.  Cikoja was on his way to his own car, when he collapsed on the front stoop.  Croatian nationalists are suspected to be responsible for the incident because Cikoja had received a threat letter , three months prior to his murder, from a group calling itself the ""Croatian Nationalist Army"", demanding that he pay $5,000 by August towards the group's cause for independence, or otherwise he would be killed. He refused to pay the money.  At least fifteen other Yugoslav immigrants in the metropolitan area had received similar letters.",Private Citizens & Property,Race/Ethnicity Identified,NA,"Anthony Cikoja, Yugoslav immigrant",,United States,Otpor,"The victim was sent a letter, months prior to the incident, demanding he give money towards the Croatian independence cause.",1,1,0,0,"A group calling itself the Croatian Nationalist Army is suspected to be responsible for the assassination, but it is unclear whether or not the claim was confirmed.  However, the letters sent to Yugoslav immigrants were signed by this group.  Additionally, it is unclear whether the letters may have been sent by the Yugoslav secret police in efforts to discredit the Croatian separatist movement, as some American-Croatian community leaders believe to be the case. This incident is linked to the firebombing, about a week later,  of a shop in Chicago, owned by an American of Croatian descent (197810040004) as well as the murder of another American of Croatian descent, Krizan Brkic, in California, who has also received a similar threatening letter (197811220002). In June of 1981, eight men were arrested and indicted on charges of racketeering and extortion, including the murders of Cikoja and Brkic, and several arsons.  According to the indictments, the men were members of a Croatian organization called ""Otpor,"" or Croatian National Resistance group that used terror and violence to extort money from individuals of Croatian origin living in the United States. A ninth man was later arrested and indicted as an associate of the other eight responsible for the abovementioned incidents. Those indicted included Mile Markic (the alleged leader of Otpor in the U.S.), Mile Boban (the alleged president of Otpor in North America), Ante Ljubas, Andjelko Jakic (former vice president of the New York chapter of the group), Ivan Misetic (former vice president of the Chicago chapter),  Vinko Logarusic (leader of the Cleveland chapter), Ranko Primorac (leader of the Los Angeles chapter), Miro Biosic (treasurer of the L.A. chapter), and Drago Sudar (the associate of the other eight members of the group). An additional source: Arnold H. Lubasch, ""8 Indicted as the Leaders Of Croatian Terror Group,"" New York Times, June 26, 1981.","The Associated Press, September 28, 1978.","Nicholas M. Horrock, ""F.B.I. Is Studying Yugoslav Groups After a Murder and a Firebombing,"" New York Times, November 7, 1978.","""Chronology for Serbs in Croatia,"" Minorities at Risk Project, 2004."
11/22/78,California,Glendale,"outside of residence in Glendale, California","11/22/1978: Krizan Brkic, an American of Croatian descent who was a tool and dye manufacturer, was murdered outside his home in Glendale, California, United States, by two bullets from a .32 caliber automatic firearm.  Brkic was an active member of political groups in Glendale, and had received an extortion letter in June of 1978 demanding that he contribute money to the Croatian nationalists, similar to the case of Anthony Cikoja (197809280007) in September and the bombing of a shop of a Croatian-American in Chicago in October (197810040004).",Private Citizens & Property,Race/Ethnicity Identified,NA,"Krizan Brkic, and American tool and dye manufacturer of Croatian descent",,United States,Otpor,"Brkic was sent a letter demanding he contribute money to the Croatian nationalist cause, similar to the assassination case of Anthony Cikoja and the bombing of the shop of an American of Croatian descent.",1,1,0,0,"This incident is linked to the firebombing of a shop in Chicago, owned by an American of Croatian descent (197810040004) as well as the murder of another American of Croatian descent, Anthony Cikoja, in New York, who has also received a similar threatening letter (197809280007).  In June of 1981, eight men were arrested and indicted on charges of racketeering and extortion, including the murders of Cikoja and Brkic, and several arsons.  According to the indictments, the men were members of a Croatian organization called ""Otpor,"" or Croatian National Resistance group that used terror and violence to extort money from individuals of Croatian origin living in the United States. A ninth man was later arrested and indicted as an associate of the other eight responsible for the abovementioned incidents. Those indicted included Mile Markic (the alleged leader of Otpor in the U.S.), Mile Boban (the alleged president of Otpor in North America), Ante Ljubas, Andjelko Jakic (former vice president of the New York chapter of the group), Ivan Misetic (former vice president of the Chicago chapter),  Vinko Logarusic (leader of the Cleveland chapter), Ranko Primorac (leader of the Los Angeles chapter), Miro Biosic (treasurer of the L.A. chapter), and Drago Sudar (the associate of the other eight members of the group).","Nicholas M. Horrock, ""Foes of Tito in U.S. a Worry to Police,"" New York Times, November 29, 1978.","Arnold H. Lubasch, ""8 Indicted as the Leaders Of Croatian Terror Group,"" New York Times, June 26, 1981.","Chronology for Serbs in Croatia, Minorities at Risk Project, 2004."
12/7/78,Puerto Rico,San Juan,NA,NA,Police,Police Security Forces/Officers,Puerto Rico Police,policeman,,United States,Macheteros,NA,1,NA,NA,0,NA,NA,NA,NA
4/6/79,California,Rossmore,NA,NA,Private Citizens & Property,House/Apartment/Residence,NA,home of Mario Forgiarini,,Croatia,Unknown,NA,0,NA,NA,0,NA,NA,NA,NA
4/6/79,California,Cerritos,NA,NA,Private Citizens & Property,House/Apartment/Residence,NA,"Home of Frank Striskovich, Croation community activist",,Croatia,Unknown,NA,0,NA,NA,0,NA,NA,NA,NA
4/8/79,Puerto Rico,San Juan,NA,NA,Business,Entertainment/Cultural/Stadium/Casino,Travel Agency,Director of Travel Agency,,Cuba,Omega-7,NA,1,0,0,0,NA,NA,NA,NA
4/28/79,Puerto Rico,San Juan,NA,NA,Business,Entertainment/Cultural/Stadium/Casino,Viajes Varadero (trips to Cuba),"Carlos Muniz Varela, Director",,United States,Omega-7,NA,1,NA,NA,0,NA,NA,NA,NA
6/1/79,Illinois,Chicago,NA,NA,Government (General),Politician or Political Party Movement/Meeting/Rally,NA,"Frack Collen, head of national socialist party of America",,United States,International Committee Against Nazism,NA,0,NA,NA,0,NA,NA,NA,NA
6/4/79,Virginia,Arlington,NA,NA,Government (General),Politician or Political Party Movement/Meeting/Rally,NA,"Matt Koehl CMDR, National Socialist White People's Party",,United States,International Committee Against Nazism,NA,0,NA,NA,0,NA,NA,NA,NA
6/13/79,New York,Mineola,NA,NA,Private Citizens & Property,Laborer (General)/Occupation Identified,Convicted Nazi War Criminal Boledlavs Maikovskis,houseguest of Boledlavs Maikovskis,,United States,The Jewish Execution with Silence,NA,0,NA,NA,1,NA,NA,NA,NA
11/25/79,New Jersey,Union City,NA,NA,Private Citizens & Property,Labor Union Related,Committee of 75 *,"Ewlalio Negrin (37), member, Cuban exile",,United States,Omega-7,NA,1,NA,NA,0,NA,NA,NA,NA
5/29/80,Indiana,Fort Wayne,NA,"5/29/1980: Joseph Paul Franklin shot and wounded civil rights activist and president of the National Urban League, Vernon E. Jordan in Fort Wayne, Indiana, United States.  Vernon was in the company of a White woman at the time of the shooting.",NGO,Domestic NGO,"civil rights activist and president of the National Urban League, who dated a White woman",Vernon Jordan,,United States,White extremists,"Joseph Paul Franklin, a former member of the Ku Klux Klan and the American Nazi Party, believed that he was upholding the honor of the White race by attacking interracial couples, Jews, and Blacks.  He hoped that other Whites would follow the examples of his racist attacks.  He aspired to incite a race war.",0,0,0,1,"The incident took place at 2:10 AM.   The shooter was stationed around 145 feet away in a grassy area.  Joseph Paul Franklin was acquitted of the shooting in 1982; however, in 1996 he confessed his guilt.  He added that he decided to shoot Vernon Jordan after he stalked and failed to kill civil rights activist Jesse Jackson.","William G. Blair, ""Slayer A Suspect in 13 More Deaths,"" New York Times, March 25, 1984.","""World-Wide: An Acquitted Sniper,"" Wall Street Journal, April 9, 1996.","John E. Douglas, Ann W. Burgess, Allen G. Burgess, and Robert K. Ressler Eds., ""Classification Manual: A Standard System for Investigating and Classifying Violent Crimes"" Jossey-Bass,  2006."
7/22/80,Maryland,Bethesda,NA,NA,Private Citizens & Property,Labor Union Related,Organization Campaigning for Democratic *,President Ali Tabatabai,,Iran,Black Muslims,NA,1,NA,NA,0,NA,NA,NA,NA
7/30/80,California,Torrance,NA,NA,Private Citizens & Property,Named Civilian,NA,Chang Lin Lee,,China,Worldwide Organization of Native Taiwanese,NA,1,0,NA,0,NA,NA,NA,NA
7/31/80,California,Los Angeles,NA,NA,Private Citizens & Property,Student,Anti-Khomeini Iranian,Student,,Iran,Black American Moslems,NA,1,0,NA,0,NA,NA,NA,NA
9/12/80,New York,New York City,NA,NA,Government (Diplomatic),"International Organization (peacekeeper, aid agency, compound)",Cuban UN Mission,Aide Felix Garcia Rodriguez,,Cuba,Omega-7,NA,1,NA,NA,0,NA,NA,NA,NA
10/6/80,California,Los Angeles,NA,NA,Government (Diplomatic),"Diplomatic Personnel (outside of embassy, consulate)",residence,Consul general Kemal Arikan,,Turkey,Justice Commandos for the Armenian Genocide,NA,0,NA,NA,1,NA,NA,NA,NA
10/14/80,Colorado,Fort Collins,NA,"10/14/1980: Eugene A. Tafoya entered the home of Faisal A. Zagallai in Fort Collins, Colorado in the United States, and shot him twice in the head.  Zagallai, a doctoral student at Colorado State University, survived the attack but lost vision in one eye.  It is believed that Tafoya was hired by rogue CIA agent Edwin P. Wilson to carry out the shooting on behalf of the Libyan government.  Zagallai was a harsh critic of Libyan ruler Muammar Qaddafi and was a leader of anti-Qaddafi dissidents in the United States at the time.",Private Citizens & Property,Political Party Member/Rally,Leader of anti-Qaddafi dissidents in the United States,Faisal A. Zagallai,,Libya,Gaddafi loyalists,To silence dissidents of the Muammar Qaddafi regime,1,1,0,0,"The shooting took place around 7:30 PM.  Zagallai stated that he received a threat on his life five months earlier.  It is believed that Qaddafi attempted to assassinate Libyan dissidents located throughout the world (198002150007, 198004110010, and 198004190008).","""Libyan Student, A Foe of Qaddafi, Badly Hurt in Colorado Shooting,"" New York Times, October 16, 1980.","""Ex-Green Beret Gets 2-Year Term,"" New York Times, January 6, 1982.","""Misdemeanor For A Shooting,"" Time Magazine, December 14, 1981."
12/17/80,California,Los Angeles,NA,NA,Government (General),"Government Personnel (excluding police, military)",NA,Home of Joseph Zaninovich (member of Los Angeles Board of Transportation*,,United States,Croatian Liberation Army,NA,0,NA,NA,0,NA,NA,NA,NA
4/21/81,Florida,Miami,Little Havana,"4/21/1981: Unknown perpetrators shot and wounded, Luis Fernandez-Caubi, an outspoken host of a radio program, as he stood outside of his home in Miami, Florida, United States.  Caubi was a critic of both the Fidel Castro regime and Cuban-exile politics.",Journalists & Media,Newspaper Journalist/Staff/Facility,NA,Luis Fernandez-Caubi,,United States,Unknown,NA,0,0,0,1,Luis Fernandez-Caubi was wounded in his elbow.  Authorities were unsure of the motives behind the shooting.  Caubi hosted a talk show on Miami radio station WOCN.,"""Slaying of Mayoral Candidate Stirs Terrorism Fears,"" Associated Press, April 26, 1981.","Ken Szymkowiak and Rick Thames, ""Sarmiento Murder Focuses City War on Crime,"" Miami News, April 25, 1981.","""Domestic News,"" United Press International, April 24, 1981."
5/5/81,Puerto Rico,Carolina,NA,NA,Government (General),Politician or Political Party Movement/Meeting/Rally,House of Representatives of Puerto Rico,"Augel Viera Martinez, President",,Puerto Rico,Unknown,NA,0,NA,NA,1,NA,NA,NA,NA
7/17/81,Utah,Ogden,NA,"7/17/1981:  Mohammed Shabata, a supporter of the Muammar Qaddafi regime, shot and killed fellow countryman Nabil Abuzed Mansour in Ogden, Utah, United States.  At the time, Mansour was resisting calls from the Libyan government to return home.  Authorities were unsure whether Mansour was killed on the orders of Qaddafi or if his death just represented an argument between two Libyan students.",Private Citizens & Property,Named Civilian,Anti-Qaddafi dissidents in the United States,Nabil Abuzed Mansour,,Libya,Qaddafi loyalists,To silence dissidents of the Muammar Qaddafi regime,1,0,0,0,"Nabil Mansour was last seen on July 9th and his body was discovered on July 17th.  When Mohammed Shabata was captured, he was at an airport waiting to fly back to Libya.  Shabata shot Mansour five times in the head and upper body.","Vern Anderson, ""Domestic News,"" Associated Press, December 3, 1981.","""Libyan Given Maximum Sentence for Killing Fellow Countryman,"" United Press International, December 2, 1981.","Bob Kuesterman, ""Witness Says Libyan Murder Defendant Was Khadafy Supporter,"" Associated Press, November 19, 1981."
7/21/81,California,San Francisco,O'Farrel Street in the Tenderloin district,"7/21/1981:  An unknown perpetrator shot and killed Lam Trong Duong in San Francisco, California, United States.  Duong was an outspoken supporter of Vietnam's communist government and the editor of Cai Dinh Lang, a Vietnamese language newspaper.  Two Vietnamese anti-communist groups admitted responsibility for carrying out the attack, however authorities could not confirm that whether these claims were valid.",Journalists & Media,Newspaper Journalist/Staff/Facility,Vietnamese journalist supporting Vietnam's communist government,Lam Trong Duong,,Vietnam,Anti-Communist Viets Organization,To protest supporters of Vietnam's communist government within the American-Vietnamese community.,1,0,0,0,"Lam Trong Duong was shot outside of his apartment at 11:15 AM by, according to a witness, an Asian man in a white windbreaker who was previously engaged in a ten minute conversation with Duong.  Originally, Duong's friend Nguyen Van Dat was accused of being the shooter, but charges against him were eventually dropped.  In a letter sent to the Associated Press postmarked the day of the incident, the Anti-Communist Viets Organization claimed responsibility for shooting Duong because of his pro-communist views.  A week later, a similar letter claiming responsibility for the shooting was sent to a Vietnamese newspaper in Garden Grove, California by the Vietnamese Organization to Exterminate Communists and Restore the Nation .  This letter was titled, ""Announcement 2.""","Wayne King, ""U.S. Vietnamese Rally for Resistance,"" New York Times, June 3, 1982.","Katherine Bishop, ""Killings of Vietnamese Baffle California Police,"" New York Times, August 25, 1987.","Judith Coburn, ""Terror in Saigontown, U.S.A.,"" Mother Jones, February-March, 1983."
8/17/81,Puerto Rico,San Juan,NA,NA,Military,"Military Personnel (soldiers, troops, officers, forces)",US Marine Corps Roosevelt Roads Naval Station,"Steven D. Miller (killed) and Thomas H. Steinburg (wounded), marines",,United States,Unknown,NA,1,NA,NA,1,NA,NA,NA,NA
1/28/82,California,Los Angeles,NA,NA,Government (Diplomatic),"Diplomatic Personnel (outside of embassy, consulate)",Turkish Consulate,"Turkish Consul General, Kemal Arikan, 54",,Turkey,Justice Commandos for the Armenian Genocide,NA,1,NA,NA,0,NA,NA,NA,NA
5/4/82,Massachusetts,Somerville,NA,NA,Government (Diplomatic),"Diplomatic Personnel (outside of embassy, consulate)",Turkey,"Honorary Turkish Consul General, Orhan Gunduz",,Turkey,Justice Commandos for the Armenian Genocide,NA,1,NA,NA,0,NA,NA,NA,NA
5/16/82,Puerto Rico,San Juan,NA,NA,Military,"Military Personnel (soldiers, troops, officers, forces)",US Navy,Sailors*,,United States,Macheteros,NA,1,1,NA,3,NA,NA,NA,NA
5/18/82,Puerto Rico,San Juan,NA,NA,Police,Police Security Forces/Officers,Local,Policemen,,Puerto Rico,Macheteros,NA,1,NA,NA,2,NA,NA,NA,NA
5/22/82,Connecticut,Stamford,NA,NA,Religious Figures/Institutions,Religious Figure,NA,"Daniel Jordan, Bahai Leader",,United States,Iranians,NA,1,1,0,0,NA,NA,NA,NA
6/10/82,Puerto Rico,San Juan,NA,NA,Private Citizens & Property,House/Apartment/Residence,NA,Home of Benny Frankie Cerezo,,Puerto Rico,Revolutionary Labor Commandos,NA,0,NA,NA,0,NA,NA,NA,NA
8/2/82,Texas,Houston,Scarsdale Blvd,"8/24/1982: Nguyen Dam Phong, the editor of the Vietnamese newspaper Tu Do, was shot and killed in front of his home in Houston, Texas, United States.  It was suspected that Phong was killed by the Vietnamese Organization to Exterminate Communists and Restore the Nation because of articles he wrote criticizing the United Front for the Liberation of Vietnam, an American based organization of refugees which sought to overthrow Vietnam's communist government.",Journalists & Media,Newspaper Journalist/Staff/Facility,Vietnamese journalist  criticizing the United Front for the Liberation of Vietnam,Nguyen Dam Phong,,Vietnam,Vietnamese Organization to Exterminate Communists and Restore the Nation,To protest critics of the United Front for the Liberation of Vietnam,1,0,0,0,The shooting took place around 12:00 PM.  Nguyen Dam Phong had previously received threats for articles he wrote criticizing the United Front for the Liberation of Vietnam.,"Claudia Kolker, ""Casualties of War: Houston's Vietnamese Now Call Texas Home, But They Continue To Be Haunted By Ghosts of the Conflict That Drove Them Here,"" Houston Press, February 9, 1995.","Dan Balz, ""Exiled Journalist's Death Puzzle to Police, Friends,"" The Victoria Advocate, September 8, 1982.","Dan Balz, ""Killing Affords Tragic Window Into Refugee Life,"" Washington Post, September 9, 1982."
10/22/82,Pennsylvania,Philadelphia,NA,NA,Government (Diplomatic),"Diplomatic Personnel (outside of embassy, consulate)",NA,"Diplomat Karat Arbay, honorary turkish consul in Philly",,Turkey,Justice Commandos for the Armenian Genocide,NA,0,NA,NA,0,NA,NA,NA,NA
8/8/83,Michigan,Detroit,NA,NA,Religious Figures/Institutions,Religious Figure,Ahmaddiya Movement in Islam (AMI),Treasurer of Ahmaddiya Movement in Islam,,United States,Jewish Defense League (JDL),NA,0,0,NA,0,NA,NA,NA,NA
8/8/83,Michigan,Canton,NA,NA,Religious Figures/Institutions,Religious Figure,Ahmaddiya Movement in Islam,Secretary of Ahmaddiya Movement in Islam,,United States,Jewish Defense League (JDL),NA,1,0,0,0,NA,NA,NA,NA
9/21/83,New York,New York City,NA,NA,Journalists & Media,Newspaper Journalist/Staff/Facility,Published in New York City (anti-Haiti government*,"Firman Joseph (52), Owner of weekly newspaper Tribune D Haiti",,Haiti,Unknown,NA,1,NA,NA,0,NA,NA,NA,NA
1/27/84,Texas,Dallas,NA,NA,Government (General),"Government Personnel (excluding police, military)",U.S. Government,"Informer Ward S. Kecton, 63",,United States,Unknown,NA,1,NA,NA,0,NA,NA,NA,NA
5/28/84,California,San Francisco,NA,"5/28/1984: The Vietnamese Organization to Exterminate Communists and Restore the Nation claimed responsibility for shooting Nguyen Van Luy and his wife Pham Thi Luu in front of their residence in San Francisco, California, United States.  Van Luy, a vocal defender of Vietnam's communist government, was wounded and Thi Luu was killed.",Private Citizens & Property,Race/Ethnicity Identified,Vietnamese-American supporting Vietnam's communist government,Nguyen Van Luy,,Vietnam,Vietnamese Organization to Exterminate Communists and Restore the Nation,To protest supporters of Vietnam's communist government within the American-Vietnamese community.,1,0,0,1,A Vietnamese male was believed to have shot Nyguen Van Luy and his wife.  The Vietnamese Organization to Exterminate Communists and Restore the Nation stated that Van Luy was attacked because he collected money from Vietnamese refugees which he subsequently sent to the Vietnamese government.,"Katherine Bishop, ""Killings of Vietnamese Baffle California Police,"" New York Times, August 25, 1987.","Fox Butterfield, ""The Shifting Picture of Crime by U.S. Vietnamese,"" New York Times, January 21, 1985.","Seth Mydans, ""War Continues for Vietnam Refugees,"" New York Times, August 25, 1989."
6/18/84,Colorado,Denver,at the driveway of residence at 1445 Adams Street,"06/18/1974: Prominent and controversial Jewish radio talk-show host who was an outspoken opponent of racism, Alan Berg, was murdered by members of The Order outside his residence at 1445 Adams Street in Denver, Colorado, United States.  After following and watching Berg's actions for a few hours on the night of his murder, at about 9:21pm, Robert Mathews, David Lane, and Bruce Carroll Pierce, watched Alan Berg pull into his driveway, at which point Pierce came up to Berg as he was exiting his Volkswagen Beetle, and shot him thirteen times point-blank in the head and body with a .45 caliber cartridges from a automatic Ingram MAC-10 machine gun.  Berg suffered about thirty-four wounds, and died instantly.  Four members of the group were indicted for his murder under the charges of violating Berg's civil rights: David Lane, Bruce Carroll Pierce, Jean Margaret Craig, who helped to gather information in an intelligence folder on Berg's life and whereabouts for about three weeks before his murder, and Richard Scutari, who helped to devise the plan of action for the murder.  Only Lane and Pierce were convicted and sentenced for the crime.",Journalists & Media,Radio Journalist/Staff/Facility,"Alan Berg, prominent Jewish radio talk-show host","Alan Berg, prominent Jewish radio talk-show host",,United States,The Order (Silent Brotherhood),"Berg was known for his largely liberal opinions on a variety of controversial issues, and was a stark opponent of racism and anti-Semitism.  He had a slightly combative and blunt style that insulted many conservatives as well as the callers and guests on his show.   On one of his shows, Berg humiliated Klansman and member of The Aryan Nation, David Lane, who was eventually one of his murderers, by calling him a ""sick and pathetic human being."" Berg also berated other media figures on his show, such as the publisher of a paper which ran an anti-Jewish series, the writer of which, shared an apartment with Lane for a short time.  Also, Berg was Jewish, and the group wanted to eliminate Jews.",1,1,0,0,"Berg was known for his largely liberal opinions on a variety of controversial issues, and even had a slightly combative and blunt style, that insulted many conservatives as well as the callers and guests on his show.   On one of his shows, Berg humiliated Klansman and member of The Aryan Nation, David Lane, who was eventually one of his murderers, by calling him a ""sick and pathetic human being.""  Members of the Order had Berg on their hit list long before they actually went through with his murder, which was planned and calculated far in advance, with much intelligence gathered on Berg about his daily whereabouts about three weeks before the assassination. Pierce and Lane were convicted and sentenced for the crime, while Craig and Scutari were acquitted of charges for this incident.  Mathews died upon police capture in a shoot out and subsequent fire.","Kevin Flynn and Gary Gerhardt, ""The Silent Brotherhood: Inside America's Racist Underground,"" The Free Press, Macmillan Inc., 1989.","Mark S. Hamm, ""Terrorism as Crime: From Oklahoma City to Al-Qaeda and Beyond,"" New York University Press, 2007.","""Controversial host of 'insult radio' slain in Denver,"" The Baltimore Sun, June 20,1984."
8/15/85,New Jersey,Paterson,NA,NA,Private Citizens & Property,House/Apartment/Residence,NA,"Home of Tscherim Soobzokov (61), once accused member of Waffen SS",,United States,Unknown,NA,0,NA,NA,4,NA,NA,NA,NA
10/11/85,California,Santa Ana,NA,NA,Private Citizens & Property,Labor Union Related,American-Arab Anti-discrimination Committee (ADC),"Alex Odeh (41), West Coast Regional Director",,Lebanon,Unknown,NA,1,NA,NA,0,NA,NA,NA,NA
11/6/85,Puerto Rico,San Juan,NA,NA,Military,"Military Personnel (soldiers, troops, officers, forces)",U.S. Army,"Michael S. Snyder, Major",,United States,Organization of Volunteers for the Puerto Rican Revolution,NA,0,0,NA,1,NA,NA,NA,NA
3/18/86,California,Westminster,Orange County,"3/18/1986:  Trahn Khan Van, a former South Vietnam government official, was shot and wounded outside of his real estate office in Westminster, California, United States.  He was shot by Be Tu Van Tran, who was angered by Van's support for the communist government of Vietnam.",Private Citizens & Property,Vehicles/Transportation,Vietnamese-American supporting Vietnam's communist government,Tran Khan Van,,Vietnam,Vietnamese Refugees,To protest supporters of Vietnam's communist government within the American-Vietnamese community.,0,0,0,1,"Tran Khan Van had recently declared his support for normalizing relations with Vietnam.  He had received threatening letters.  Cu Ngoc Duong drove Be Tu Van Tran to the scene of the shooting.  Both were members of the United Front for the Liberation of Vietnam, an American based organization of Vietnamese refugees which sought to overthrow Vietnam's communist government.","""Domestic News,"" United Press International, April 5, 1986.","Seth Mydans, ""War Continues for Vietnam Refugees,"" New York Times, August 25, 1989.","Eric Lichtblau and David Reyes, ""Vietnamese War Passions at Heart of Attack Trial,"" Los Angeles Times, May 14, 1989."
4/29/86,Puerto Rico,San Juan,NA,NA,Police,Police Security Forces/Officers,NA,Alejandro Gonzalez Molave-29; former police undercover agent,,Puerto Rico,Organization of Volunteers for the Puerto Rican Revolution,NA,1,NA,NA,0,NA,NA,NA,NA
3/10/89,California,San Diego,NA,NA,Military,"Military Personnel (soldiers, troops, officers, forces)",Military (Navy),"wife, Capt Will Rogers",,United States,Unknown,NA,0,0,0,1,NA,NA,NA,NA
8/19/89,California,Fresno,NA,"8/19/1989:  Two unidentified perpetrators shot and wounded Doan Van Toai as he walked to his home in Fresno, California, United States.  Van Toai was a controversial figure who was one of the most outspoken supporters of reapproachment between the United States and Vietnam.",Private Citizens & Property,Race/Ethnicity Identified,Vietnamese-American supporting reapproachment with Vietnam,Doan Van Toai,,Vietnam,Unknown,"To protest reapproachment between Vietnam and the United States. Specifically, it is suspected that this attack was provoked due to a mistranslated article Doan Van Toai wrote in an English-language policy newspaper.",0,0,0,1,Doan Van Toai stated that he was shot by two Asian males who pulled up next to him in a brown station wagon.  Van Toai had previously received many threats stemming from his controversial views.,"Seth Mydans, ""War Continues for Vietnam Refugees,"" New York Times, August 25, 1989.","""Vietnamese Author Who Advocated Ties With Hanoi Is Shot,"" New York Times, August 22, 1989.","Juan Gonzalez and Ana Arana, ""Silenced: The Unsolved Murders of Immigrant Journalists in the United States,"" Committee to Protect Journalists, December 1994."
8/20/89,California,Fresno,NA,NA,Private Citizens & Property,Laborer (General)/Occupation Identified,Author,Controversial Vietnamese Author,,Vietnam,Unknown,NA,0,0,NA,1,NA,NA,NA,NA
11/22/89,Virginia,Seven Corners,3200 Apex Circle,"11/22/1989: Unknown  perpetrators shot and killed Nhan Trong Do as he was sitting in his car outside of his house in Seven Corners, Virginia, United States.  It was suspected that he was assassinated because he worked as a layout editor for the controversial Vietnamese anti-communist magazine Tien Phong.",Journalists & Media,Newspaper Journalist/Staff/Facility,Tien Phong magazine,Nhan Trong Do,,Vietnam,Unknown,To protest the Vietnamese magazine Tien Phong for its stridently anti-communist views,1,0,0,0,"Nhan Trong Do's body was discovered in his car at around 8:00 AM.  One year after the incident, Triet Le, a columnist for Tien Phong, and his wife were shot and killed (199009220011).  In 1980, the house of the publisher of Tien Phong, Nguyen Thanh Hoang, was firebombed (198001260019).  There was an attempted firebombing of the same house in January, 1989 (198901000002).","Patricia Davis and Evelyn Hsu, ""Vietnamese Immigrant Slain in Fairfax,"" Washington Post, November 23, 1989.","Jonathan Higuera, ""Layout Artist Dies in Fairfax Shooting,"" Washington Times, November 23, 1989.","""Like Father, Like Son: A Columnist is Ambushed,"" Time Magazine, October 8, 1990."
12/18/89,Georgia,Savannah,NA,NA,Business,NA,Lawyer and Savannah Alderman,Robert Robinson,,United States,Americans for a Competent Federal Judicial System,NA,1,1,NA,0,NA,NA,NA,NA
12/22/89,Maryland,Hagerstown,NA,NA,Government (General),Judge/Attorney/Court,govt,Maryland State Judge John Courderman,,United States,Unknown,NA,0,NA,NA,1,NA,NA,NA,NA
1/30/90,Arizona,Tucson,NA,"01/30/1990: Muslim cleric and leader of an area mosque in Tucson, Arizona, in the United States, Rashad Khalifa, was stabbed to death in the kitchen of the mosque.  Khalifa was stabbed over twenty times after receiving prior death threats over his interpretation of the Quran; the cleric believed in a brand of Islam based on numerology, which was opposed by fundamentalists.  The perpetrators of the incident are believed to be members of the Jamaat-al-Fuqra Muslim sect.  Five members, believed to be of the Buena Vista, Colorado sect of the group, were charged with conspiracy in the murder of Khalifa; three were convicted, and two others pled guilty, but the actual perpetrators who carried out the murder, were never found.",Religious Figures/Institutions,Religious Figure,"Rashad Khalifa, Muslim cleric and leader of an Islamic mosque","Rashad Khalifa, Muslim cleric and leader of an Islamic mosque in Tucson, Arizona",,United States,Jamaat-al-Fuqra,"Khalifa believed in Islam based on numerology and put forth interpretations of the Quran, which were opposed by fundamentalists",1,1,0,0,"Five perpetrators, believed to be members of the Buena Vista sect of the black Muslim extremist group, Jamaat-al-Fuqra, were arrested and charged for conspiracy to commit murder in the planning of Khalifa's death, and while three were convicted (including James Williams), and two pled guilty, the actual perpetrators of the incident were never identified.","Steve Fainaru and Alia Ibrahim, ""Mysterious Trip to Flight 77 Cockpit; Suicide Pilot's Conversion to Radical Islam Remains Obscure,"" The Washington Post, September 10, 2002.","Chris Kahn, ""Odd place for terrorists: Investigation leads to rural Virginia hamlet,"" The Associated Press, December 21, 2001.","Mark Hosenball, ""Another Holy War, Waged on American Soil, A Muslim sect with a dangerous agenda,"" Newsweek, United States Edition, February 28, 1994."
2/8/90,Tennessee,Knoxville,"outside residence at 6608 Northboro Rd in Knoxville, TN","02/08/1990: Dr. Hyram Kitchen, dean of the University of Tennessee College of Veterinary Medicine, was shot to death outside his home and horse farm in Knoxville, Tennessee in the United States, by unknown perpetrator(s).  As he was on his way to work, Kitchen was shot eight times with a .22-caliber handgun as he left his horse farm.  After the incident, police warned veterinary college deans around the country , as a precaution, that based on an unconfirmed report, an animal rights extremist group threatened to kill one dean a month for the next year to protest laboratory research on animals, and that a militant underground animal rights faction may have been responsible for killing Kitchen, though the perpetrator of the incident was never identified and no one claimed responsibility.",Educational Institution,Other Personnel,"Hyram Kitchen, dean of the University of Tennessee College of Veterinary Medicine","Hyram Kitchen, dean of the University of Tennessee College of Veterinary Medicine",,United States,Unknown,The specific motive is unknown.,1,1,0,0,"Kitchen was shot four times in the face and chest, twice in the back as he ran away and twice point-blank in the back of the head as he lay on the ground.  His assailant was never identified, and the case remains a cold case.  Though animal rights activists were suspected in his murder, it is unknown if Kitchen was in fact killed by them.  The alert put out by police stated that a ''a splinter group'' of People for the Ethical Treatment of Animals, or PETA, and the underground Animal Liberation Front may have been involved in the incidents based on unconfirmed reports of threats from animal rights extremists, but members of animal rights groups denied any involvement and denounced police for creating hysteria.","Bill Brewer, ""Animal rights activists denounce police alert,"" United Press International, February 26, 1990.","""Police Caution Veterinary College Deans,"" Los Angeles Times, February 25, 1990.","""1990 Homicide of Hyram Kitchen,"" Knox County Sheriff's Office, June 9, 2008."
9/22/90,Virginia,Bailey's Crossroads,Danny's Lane in Sunset Manor,"9/22/1990:  Unknown perpetrators shot and killed Triet Le and his wife Tuyet Thi Dang-Tran outside of their home in Bailey's Crossroads, Virginia, United States.  Le was a columnist for the controversial Vietnamese magazine Tien Phong and an outspoken critic of communism.  His name was also on a hit-list credited to the Vietnamese Organization to Exterminate Communists and Restore the Nation (VOECRN), however, the VOECRN denied any involvement in the assassination.",Journalists & Media,Newspaper Journalist/Staff/Facility,Tien Phong magazine,Triet Le,,Vietnam,Unknown,To protest the Vietnamese magazine Tien Phong for its stridently anti-communist views or to protest Triet Le for criticizing the United Front for the Liberation of Vietnam.,2,0,0,0,"The bodies of Triet Le and Tuyet Thi Dang-Tran were discovered by a neighbor at approximately 11:30 PM.  A car was heard speeding away around the time of the incident.  One year before the attack, Nhan Trong Do, a layout editor for Tien Phong, was shot and killed (198911220013).  In 1980, the house of the publisher of Tien Phong, Nguyen Thanh Hoang, was firebombed (198001260019).  There was an attempted firebombing of the same house in January, 1989 (198901000002).   Authorities were unsure who was behind the assassination because Le had a lot of enemies and received a lot of threats.","Brooke A. Masters, ""Columnist, Wife Slain In Fairfax; Vietnamese Writer Is 2nd on Staff to Die,"" Washington Post, September 24, 1990.","Enrique J. Gonzales, ""Slain Vietnamese Editor on Hit List of Clandestine Group,"" Washington Times, September 26, 1990.","""Like Father, Like Son: A Columnist is Ambushed,"" Time Magazine, October 8, 1990."
11/5/90,New York,New York City,NA,NA,Terrorists/Non-State Militia,Terrorist,Jewish Defense League,Rabbi Meir Kahane,,United States,Muslim extremists,NA,1,1,NA,0,NA,NA,NA,NA
2/18/91,Florida,Miami,Northeast Second Ave.,"2/18/1991:  Billy Alexander, a hitman hired by suspected Macoute sympathizers, shot and killed Jean Claude Olivier as he was walking to his car outside a club in Miami, Florida, United States.  Olivier hosted a Haitian radio program on WLQY in Miami and was openly critical of people who opposed the democratically elected leaders of Haiti.",Journalists & Media,Radio Journalist/Staff/Facility,Haitian Radio host supporting Haitian democracy,Jean Claude Olivier,,Haiti,Tontons Macoutes,"Jean Claude Olivier was a supporter of Jean-Bertrand Aristide's presidency and a vocal critic of Haitian organizations that were against democracy.  Specifically, it was suspected that he was assassinated for urging a boycott of a concert sponsored by Louis Thermitus.  Thermitus, a suspected one time member of the Macoutes, was a supporter of the Military junta that would oust Aristide.",1,0,0,0,"Billy Alexander shot Jean Claude Olivier from a car driven by Hitler Fleurinord.  Alexander was paid $2,000 for this attack but it is unknown who sponsored him.  One month later, Alexander shot and killed Fritz Dor using the same .38 revolver (199103150023).  Two years after this incident, Dora St. Plite, another pro-Aristide radio broadcaster was assassinated in Miami (199310240006).  The Macoutes were a paramilitary force who terrorized opponents of Haiti's Duvalier regime.","""Arrest in Slaying of Haitian Broadcasters,"" New York Times, November 19, 1994.","""Man Found Guilty of Haitian Radio Broadcasters,"" Associated Press, October 3, 1999.","Anne-Mari O'Connor, ""Haitians in Miami Fearful After Blast Wrecks Restaurant, Office of; Activist,"" Atlanta Journal and Constitution, March 21, 1991."
3/15/91,Florida,Miami,NA,"3/15/1991:  Billy Alexander, a hitman hired by suspected Macoute sympathizers, shot and killed Fritz Dor outside of his office in Miami, Florida, United States.  Dor hosted a Haitian radio program on WKAT in Miami and was openly critical of people who opposed the democratically elected leaders of Haiti.",Journalists & Media,Radio Journalist/Staff/Facility,Haitian Radio host supporting Haitian democracy,Fritz Dor,,Haiti,Tontons Macoutes,"Fritz Dor was a supporter of Jean-Bertrand Aristide's presidency and a vocal critic of Haitian organizations that were against democracy.  Specifically, it was suspected that he was assassinated for urging a boycott of a concert sponsored by Louis Thermitus.  Thermitus, a suspected one time member of the Macoutes, was a supporter of the Military junta that would oust Aristide.",1,0,0,0,"Billy Alexander shot Fritz Dor from a car driven by Hitler Fleurinord.  Glossy Bruce Joseph served as a lookout.  Alexander was paid $5,000 for this attack but it is unknown who sponsored him.  One month earlier, Alexander shot and killed Jean Claude Olivier using the same .38 revolver (199102180013).  Two years after this incident, Dora St. Plite, another pro-Aristide radio broadcaster was assassinated in Miami (199310240006).  The Macoutes were a paramilitary force who terrorized opponents of Haiti's Duvalier regime.","""Arrest in Slaying of Haitian Broadcasters,"" New York Times, November 19, 1994.","""Man Found Guilty of Haitian Radio Broadcasters,"" Associated Press, October 3, 1999.","Anne-Mari O'Connor, ""Haitians in Miami Fearful After Blast Wrecks Restaurant, Office of; Activist,"" Atlanta Journal and Constitution, March 21, 1991."
1/14/92,Texas,Houston,Parking garage of bank,"1/14/1992: An unknown perpetrator shot and wounded Dr. Douglas Karpen in the underground parking garage of a bank that was near the Women's Medical Center, the abortion clinic where Dr. Karpen was employed, in Houston, Texas, United States. Authorities were unsure whether Dr. Karpen was attacked because of his profession or if this incident was part of a common robbery.",Abortion Related,Personnel,Physician who performed abortions,Doctor Douglas Karpan,,United States,Anti-Abortion extremists,To protest the practice of abortion and to instill fear in physicians who perform abortions.,0,0,0,1,Dr. Karpan's shooting was noted in the manual of the Army of God.,"Fawn Vrazo, ""Abortion-Rights Activists Fear It's Open Season for Violence. Leader Worry Anyone Connected With Clinic Could Be A Target,"" Philadelphia Inquirer, January 1, 1995.","Judy Lundstrom, ""Abortion Providers Put Under the Gun,"" Wichita Eagle, August 7, 1994.","Clinic Defense & Research, ""1991 - 1994 Chronicle of Clinic Violence,"" Planned Parenthood Federation of America, Inc."
2/18/92,Massachusetts,Boston,NA,NA,Educational Institution,Other Personnel,Chukyo University,"President, Iwao Matsuda",,Japan,Unknown,NA,1,NA,NA,0,NA,NA,NA,NA
3/11/92,New York,New York City,NA,NA,Journalists & Media,Newspaper Journalist/Staff/Facility,Cambio 21 Magazine,"Editor, Manuel de Dios Unanue",,United States,Medellin Drug Cartel,NA,1,NA,NA,0,NA,NA,NA,NA
8/29/92,Puerto Rico,San Juan,NA,NA,Government (General),"Government Personnel (excluding police, military)",Govt,Governor Rafael Hernandez Colon,,Puerto Rico,Unknown,NA,0,NA,NA,0,NA,NA,NA,NA
12/11/92,California,San Diego,NA,NA,Police,Police Security Forces/Officers,U.S. Border Patrol,Border Patrolman,,United States,Unknown,NA,0,NA,NA,0,NA,NA,NA,NA
4/5/94,New York,New York City,NA,NA,Private Citizens & Property,Unnamed Civilian/Unspecified,Unknown,Woman in 70's,,United States,Unknown,NA,0,NA,NA,1,NA,NA,NA,NA
5/18/94,New York,New York City,NA,NA,Journalists & Media,Newspaper Journalist/Staff/Facility,ABC Network,President Robert Iger,,United States,Unknown,NA,0,NA,NA,0,NA,NA,NA,NA
5/29/94,New York,New York City,NA,NA,Business,Bank/Commerce,Bilbao Bizkaia Kutxa Bank,Banker Javier Munsuri Barona,,Spain,Unknown,NA,1,NA,NA,0,NA,NA,NA,NA
5/29/94,California,Riverside,NA,NA,Religious Figures/Institutions,Religious Figure,Nation of Islam,Khallid Abdul Muhammad,,United States,Unknown,NA,0,NA,NA,3,NA,NA,NA,NA
7/19/94,Mississippi,Jackson,NA,NA,Journalists & Media,Television Journalist/Staff/Facility,ABC TV,President Robert Iger,,United States,Unknown,NA,0,NA,NA,0,NA,NA,NA,NA
7/29/94,Florida,Pensacola,NA,NA,Abortion Related,Clinics,Ladies Center,Abortion Clinic,,United States,Anti-Abortion extremists,NA,2,NA,NA,1,NA,NA,NA,NA
10/29/94,District of Columbia,Washington,NA,NA,Government (General),Politician or Political Party Movement/Meeting/Rally,Govt,White House,,United States,Unknown,NA,0,NA,NA,0,NA,NA,NA,NA
1/28/95,New York,Huntington,NA,NA,Abortion Related,Personnel,Unk,Abortion Rights Activist Bill Baird,,United States,Unknown,NA,0,NA,NA,0,NA,NA,NA,NA
12/7/95,North Carolina,Fayetteville,NA,NA,Unknown,NA,NA,Race Motivates,,United States,Unknown,NA,0,NA,NA,0,NA,NA,NA,NA
1/1/96,Alabama,Opelika,NA,NA,Religious Figures/Institutions,Religious Figure,NA,Episcopal Priest,,United States,Unknown,NA,0,NA,NA,1,NA,NA,NA,NA
12/18/96,Louisiana,New Orleans,NA,NA,Abortion Related,Personnel,Orleans Women's Clinic,Dr. Calvin Jackson,,United States,Anti-Abortion extremists,NA,0,NA,NA,1,NA,NA,NA,NA
4/8/97,Illinois,Urbana,NA,NA,Government (General),Judge/Attorney/Court,NA,judge,,United States,Unknown,NA,0,NA,NA,0,NA,NA,NA,NA
10/28/97,New York,Fairport,NA,"10/28/1997: A gunman attempted to assassinate Dr. David Gandell, a physician who performed abortions, while he was at his home in Fairport, New York, United States. Authorities suspect Army of God member James Charles Kopp, who has been convicted of a similar attack that took place in 1998.",Abortion Related,Personnel,Physician who performed abortions,Dr. David Gandell,,United States,Army of God,To protest the practice of abortion and to instill fear in physicians who performed abortions.,0,0,0,0,"Within weeks of the incident, an abortion doctor was shot in Canada and authorities suspect that these two attacks were related (199711110006).  It is also suspected that James Charles Kopp, the perpetrator who killed Dr. Barnett Slepian in Amherst, New York almost a year later, also carried out this incident (199810230001).","David Rohoe, ""Sniper Attacks on Doctors Create Climate of Fear in Canada,"" New York Times, October 29, 1998.","""Abortion Doctor Slaying Suspect Caught,"" ABC News, March 29, 2001.","Lou Michel and Dan Herbeck, ""Kopp Suspected in 4 Other Attacks,"" Buffalo News, December 30, 2002."
6/18/16,Nevada,Las Vegas,NA,"06/18/2016: An assailant attempted to assassinate presidential candidate Donald Trump at a campaign rally in Las Vegas, Nevada, United States. The assailant was arrested as he tried to remove a gun from the holster of a police officer. Michael Steven Sandford claimed responsibility for the incident. Sandford stated that he targeted Trump because he believed ""somebody had to stand up for America"" and told the Secret Service that he had planned for over a year to assassinate Trump.",Private Citizens & Property,Political Party Member/Rally,Republican Party (GOP),Presidential Candidate: Donald Trump,,United States,Anti-Trump extremists,"An unaffiliated individual, identified as Michael Steven Sandford, claimed responsibility for the incident and stated that he targeted Donald Trump because he believed ""somebody had to stand up for America.""",0,0,0,0,NA,"""British man pleads guilty in Trump attack case in Las Vegas,"" The Associated Press, September 13, 2016.","""What We Know About the Man Who Allegedly Tried to Kill Trump,"" VICE, July 7, 2016.","""Why isn’t the assassination attempt on Donald Trump bigger news?,"" Washington Post, June 21, 2016."
12/15/16,Texas,Dallas,NA,"12/15/2016: An assailant sent a message via Twitter to Kurt Eichenwald, a Newsweek journalist, in Dallas, Texas, United States. The message contained the text ""You deserve a seizure for your posts"" and a GIF image of a strobe. Eichenwald, who has epilepsy, suffered a seizure and was incapacitated for several days. No group claimed responsibility for the incident; however, authorities arrested John Rayne Rivello in connection with the attack.",Journalists & Media,Newspaper Journalist/Staff/Facility,Newsweek,Journalist: Kurt Eichenwald,,United States,Anti-Semitic extremists,"The specific motive is unknown; however, sources noted that John Rayne Rivello was prejudice against members of the Jewish community. Sources also suspected that Kurt Eichenwald may have been targeted for his critical comments of President Trump.",0,0,0,1,NA,"""A Tweet to Kurt Eichenwald, a Strobe and a Seizure. Now, an Arrest.,"" The New York Times, March 17, 2017.","""Tweet that sent journalist Kurt Eichenwald into seizure considered 'deadly weapon' in indictment,"" The Washington Post, March 22, 2017.","""Man faces hate-crime charge in Dallas County over tweet that gave Kurt Eichenwald a seizure,"" Dallas Morning News, March 21, 2017."
6/14/17,Virginia,Alexandria,The incident occurred at the Eugene Simpson Stadium Park.,"06/14/2017: An assailant opened fire on a Congressional Republican baseball practice at Eugene Simpson Stadium Park in Alexandria, Virginia, United States. At least six people, including House Majority Whip Steve Scalise and Representative Roger Williams, were injured before the assailant was shot and killed by Capitol Police officers. Sources identified the assailant as James T. Hodgkinson, who had previously criticized the policies of the Republican Party and President Donald Trump.",Government (General),Politician or Political Party Movement/Meeting/Rally,United States Congress,Congressional Republican Baseball Practice,,United States,Anti-Republican extremists,"The specific motive is unknown; however, sources noted that James T. Hodgkinson was critical of President Donald Trump and Republicans. Sources also noted that he had written letters to a local newspaper ""blaming Republicans for what he considered an agenda favoring the wealthy.""",1,1,1,6,"The victims included David Bailey, Crystal Griner, Zack Barth, and Matt Mika.","""FBI: Baseball shooter had list of 6 names,"" CNN, June 21, 2017.","""Capitol Police Officers Hailed as Heroes After Baseball Practice Shooting,"" NBCNews.com, June 14, 2017.","""Lawmaker Steve Scalise is critically injured in GOP baseball shooting; gunman James T. Hodgkinson is killed by police,"" The Washington Post, June 14, 2017."